
INSERT INTO `d2_db`.`d2_schedule`
(`id`,
`image`,
`schedule`,
`title`,
`comment`,
`url`)
VALUES
(1,
"https://d2.naver.com/static/img/app/about/thum_hackday.png",
"20년 3월 18일 ~ 4월 2일 접수 \n 20년 5월 21일 ~ 5월 22일 핵데이",
"NAVER CAMPUS HACKDAY",
"NAVER 개발자와 함께하는 24시간의 해커톤",
"https://recruit.navercorp.com/naver/job/detail/developer?annoId=20003868&classId=&jobId=&entTypeCd=004&searchTxt=&searchSysComCd=");

INSERT INTO `d2_db`.`d2_schedule`
(`id`,
`image`,
`schedule`,
`title`,
`comment`,
`url`)
VALUES
(2,
"https://d2.naver.com/static/img/app/about/thum_techconcert.png",
"20년 7월 예정",
"NAVER TECH CONCERT",
"Mobile 개발을 주제로 기술 컨퍼런스 진행",
"https://techcon.naver.com/");

INSERT INTO `d2_db`.`d2_schedule`
(`id`,
`image`,
`schedule`,
`title`,
`comment`,
`url`)
VALUES
(3,
"https://d2.naver.com/static/img/app/about/thum_deview.png",
"20년 9월 예정",
"DEVIEW",
"네이버 개발자 컨퍼런스",
"https://deview.kr/2019");


INSERT INTO `d2_db`.`d2_history`
(`id`,
`comment`,
`title`,
`date`,
`url`)
VALUES
(1,
"빅데이터 엔지니어링 컨퍼런스 \n
국내외 IT기업 엔지니어들이 연사로 참여",
"SDEC 2011",
"2011.6.27~28",
"");

INSERT INTO `d2_db`.`d2_history`
(`id`,
`comment`,
`title`,
`date`,
`url`)
VALUES
(2,
"SHARING, EXCELLENCE, GROWTH \n
순수 기술행사 지향 \n
외부 개발자 연사 처음으로 초청",
"DEVIEW 2011",
"2011.10.18",
"https://deview.kr/2011/");

INSERT INTO `d2_db`.`d2_history`
(`id`,
`comment`,
`title`,
`date`,
`url`)
VALUES
(3,
"NAVER 개발자들의 실전 노하우와 \n
지식을 담은 블로그",
"HELLO WORLD",
"2011.12.29 오픈",
"");

INSERT INTO `d2_db`.`d2_history`
(`id`,
`comment`,
`title`,
`date`,
`url`)
VALUES
(4,
"빅데이터 엔지니어링 컨퍼런스 \n
국내외 IT기업 엔지니어들이 연사로 참여",
"D2 OPEN SEMINAR",
"2012.5 시작",
"https://developers.naver.com/seminar/introduction.nhn");

INSERT INTO `d2_db`.`d2_history`
(`id`,
`comment`,
`title`,
`date`,
`url`)
VALUES
(5,
"국내외 IT 회사 대거 참여, 컨텐츠 수준 크게 향상 \n
세션 수도 42개로 더 풍성해짐 \n
우수 논문 리뷰를 통해 학계 연사 초대 \n
BOF(자유토론) 세션 진행",
"DEVIEW 2012",
"2012",
"");

INSERT INTO `d2_db`.`d2_history`
(`id`,
`comment`,
`title`,
`date`,
`url`)
VALUES
(6,
"소모임 장소, 서버 제공, 컨퍼런스 후원 등 \n
열정있는 개발자들의 커뮤니티 활동 응원",
"D2 COMMUNITY",
"2013.5 시작",
"https://developers.naver.com/wiki/pages/Community");

INSERT INTO `d2_db`.`d2_history`
(`id`,
`comment`,
`title`,
`date`,
`url`)
VALUES
(7,
"오픈소스SW 저변 확대를 위해 \n
학생과 현업 개발자들을 대상으로 경진대회 진행",
"D2 FEST 2013",
"2013.7.5~9.28",
"http://d2fest.kr/2013/");

INSERT INTO `d2_db`.`d2_history`
(`id`,
`comment`,
`title`,
`date`,
`url`)
VALUES
(8,
"56개 세션, 이틀동안 컨퍼런스 진행 \n
 공개 연사 모집 진행, D2 공식 발표 (키노트) \n
D2 FEST 2013 수상팀 초청, 홍보부스 제공",
"DEVIEW 2013",
"2013.10.14~15",
"https://deview.kr/2013/deview.nhn");

INSERT INTO `d2_db`.`d2_history`
(`id`,
`comment`,
`title`,
`date`,
`url`)
VALUES
(9,
"56개 세션, 이틀동안 컨퍼런스 진행 \n
 기술기반 스타트업 대거 참여 \n
 IoT 분야 주제 확대",
"DEVIEW 2014",
"2014",
"https://deview.kr/2014/");

INSERT INTO `d2_db`.`d2_history`
(`id`,
`comment`,
`title`,
`date`,
`url`)
VALUES
(10,
"대학생 눈높이에 맞춘 세미나 \n
 동기부여, 선배 개발자 조언, 프로그래밍 실습 등으로 구성",
"D2 CAMPUS SEMINAR",
"2014.8",
"");

INSERT INTO `d2_db`.`d2_history`
(`id`,
`comment`,
`title`,
`date`,
`url`)
VALUES
(11,
"대학생을 위한 오픈소스 경진대회로 재구성",
"D2 CAMPUSFEST",
"2014.3",
"http://d2fest.kr/2014/");


INSERT INTO `d2_db`.`d2_history`
(`id`,
`comment`,
`title`,
`date`,
`url`)
VALUES
(12,
"대학생을 위한 CAMPUS 프로그램 런칭",
"D2 CAMPUS 프로그램 런칭",
"2014.2 시작",
"");


INSERT INTO `d2_db`.`d2_history`
(`id`,
`comment`,
`title`,
`date`,
`url`)
VALUES
(13,
"프로젝트 'BLUE' 공개 \n
로보틱스, 모빌리티 5년간 1000억 투자",
"DEVIEW 2015",
"2015.9.14~15",
"https://deview.kr/2015/");


INSERT INTO `d2_db`.`d2_history`
(`id`,
`comment`,
`title`,
`date`,
`url`)
VALUES
(14,
"",
"D2.naver.com",
"2015.7.23 오픈",
"https://d2.naver.com/home");

INSERT INTO `d2_db`.`d2_history`
(`id`,
`comment`,
`title`,
`date`,
`url`)
VALUES
(15,
"아미카, 자율주행, 로보틱스, 웨일 브라우저 등 소개 \n
 네이버랩스 최초 로봇 M1 공개",
"DEVIEW 2016",
"2016.10.24~25",
"https://deview.kr/2016/");

INSERT INTO `d2_db`.`d2_history`
(`id`,
`comment`,
`title`,
`date`,
`url`)
VALUES
(16,
"네이버 개발자들과 함께하는 1박 2일 해커톤 시작",
"D2 CAMPUS HACKDAY",
"2016.5",
"");


INSERT INTO `d2_db`.`d2_history`
(`id`,
`comment`,
`title`,
`date`,
`url`)
VALUES
(17,
"네이버랩스 유럽, AI/머신러닝 기술적용 사례 다수 발표 \n
로봇 라인업 9종 공개",
"DEVIEW 2017",
"2017.10.16~17",
"https://deview.kr/2017/");


INSERT INTO `d2_db`.`d2_history`
(`id`,
`comment`,
`title`,
`date`,
`url`)
VALUES
(18,
"주제별 기술 공유 세미나 \n
안드로이드 개발을 주제로 진행",
"NAVER TECH CONCERT:ANDROID",
"2018.11.1~2",
"http://techcon.naver.com/");

INSERT INTO `d2_db`.`d2_history`
(`id`,
`comment`,
`title`,
`date`,
`url`)
VALUES
(19,
"AI, 딥러닝, 빅데이터, 검색, AR, 블록체인 주제 강의 \n
xDM platform 공개",
"DEVIEW 2018",
"2018.10.11~12",
"https://deview.kr/2018/");


INSERT INTO `d2_db`.`d2_history`
(`id`,
`comment`,
`title`,
`date`,
`url`)
VALUES
(20,
"FRONT END 개발 주제",
"NAVER TECH CONCERT",
"2019.4.11",
"http://techcon.naver.com/");

INSERT INTO `d2_db`.`d2_history`
(`id`,
`comment`,
`title`,
`date`,
`url`)
VALUES
(21,
"SUMMER HACKDAY 진행",
"NAVER CAMPUS HACKDAY",
"2019.5.16~17",
"https://recruit.navercorp.com/naver/job/list/developer");

INSERT INTO `d2_db`.`d2_category`
(`category_id`,
`name`)
VALUES
(1,
"home");

INSERT INTO `d2_db`.`d2_category`
(`category_id`,
`name`)
VALUES
(2,
"hello world");

INSERT INTO `d2_db`.`d2_category`
(`category_id`,
`name`)
VALUES
(3,
"news");

INSERT INTO `d2_db`.`d2_post`
(`post_id`,
`body`,
`image`,
`publication_date`,
`social_url`,
`title`,
`view_count`,
`category_id`)
VALUES
(668,
"아키텍처는 오랫동안 많은 개발자들이 좋아하며 사용한 아키텍처입니다.",
"/content/images/2020/02/spring-mvc-and-webflux-venn-1.png",
now(),
"http://d2.naver.com/helloworld/6080222",
"이것은 제목이다",
5825,
2);

INSERT INTO `d2_db`.`d2_post`
(`post_id`,
`body`,
`image`,
`publication_date`,
`social_url`,
`title`,
`view_count`,
`category_id`)
VALUES
(669,
"NAVER에서는 다양한 기술에 대한 테크톡을 주기적으로 진행하고 있는데요. 2019년 12월에 진행한 사내 안드로이드 개발 밋업 중 발표자의 공개 동의를 얻은 발표 영상을 공유합니다.",
"/content/images/2020/02/spring-mvc-and-webflux-venn-1.png",
now(),
"https://d2.naver.com/news/8738186",
"NAVER Tech Talk: UIT 개발 밋업(2019년 12월)",
2502,
3);

INSERT INTO `d2_db`.`d2_post`
(`post_id`,
`body`,
`image`,
`publication_date`,
`social_url`,
`title`,
`view_count`,
`category_id`)
VALUES
(670,
"네이버 개발자와 함께하는 대학생 해커톤!\n\n 올해도 2020 NAVER CAMPUS HACKDAY가 찾아왔어요♬\n ",
"/content/images/2020/02/spring-mvc-and-webflux-venn-1.png",
now(),
"https://d2.naver.com/news/6826105",
"2020 NAVER CAMPUS HACKDAY 안내",
7564,
3);

INSERT INTO `d2_db`.`d2_post`
(`post_id`,
`body`,
`image`,
`publication_date`,
`social_url`,
`title`,
`view_count`,
`category_id`)
VALUES
(671,
"NAVER에서는 다양한 기술에 대한 테크톡을 주기적으로 진행하고 있는데요. 2019년 11월에 진행한 사내 UIT 개발 밋업 중 발표자의 공개 동의를 얻은 발표 영상을 공유합니다.",
"/content/images/2020/02/spring-mvc-and-webflux-venn-1.png",
now(),
"https://d2.naver.com/news/6826105",
"NAVER Tech Talk: UIT 개발 밋업(2019년 11월)",
7564,
3);

INSERT INTO `d2_db`.`d2_post`
(`post_id`,
`body`,
`image`,
`publication_date`,
`social_url`,
`title`,
`view_count`,
`category_id`)
VALUES
(672,
"NAVER에서는 매주 사내외 전문가를 초빙하여 테크톡을 진행하고 있는데요. 발표자 분의 공개 동의를 얻어 NAVER Engineering 페이스북에 공개한 AI 주제의 발표 영상(2019년 1월, 5월~10월), 일곱 번째 목록을 정리하였습니다.",
"/content/images/2020/02/spring-mvc-and-webflux-venn-1.png",
now(),
"https://d2.naver.com/news/7618832",
"NAVER Tech Talk: AI 7차 (2019년 1월, 5월~10월)",
3892,
3);

INSERT INTO `d2_db`.`d2_post`
(`post_id`,
`body`,
`image`,
`publication_date`,
`social_url`,
`title`,
`view_count`,
`category_id`)
VALUES
(673,
"NAVER에서는 다양한 기술에 대한 테크톡을 주기적으로 진행하고 있는데요. 2018년 11월과 2019년 11월에 진행한 사내 Android 밋업 중 발표자의 공개 동의를 얻은 발표 영상을 공유합니다.",
"/content/images/2020/02/spring-mvc-and-webflux-venn-1.png",
now(),
"https://d2.naver.com/news/4699566",
"NAVER Tech Talk: Android 밋업(2018년 11월, 2019년 10월)",
2437,
3);

INSERT INTO `d2_db`.`d2_post`
(`post_id`,
`body`,
`image`,
`publication_date`,
`social_url`,
`title`,
`view_count`,
`category_id`)
VALUES
(674,
"네이버 개발자와 함께하는 대학생 해커톤!\n\n2019 NAVER CAMPUS HACKDAY WINTER 열립니다. ",
"/content/images/2020/02/spring-mvc-and-webflux-venn-1.png",
now(),
"https://d2.naver.com/news/4972264",
"2019 NAVER CAMPUS HACKDAY WINTER",
5690,
3);

INSERT INTO `d2_db`.`d2_post`
(`post_id`,
`body`,
`image`,
`publication_date`,
`social_url`,
`title`,
`view_count`,
`category_id`)
VALUES
(675,
"NAVER에서는 다양한 FE 기술에 대한 테크톡을 주기적으로 진행하고 있는데요. 이번 FE devtalk 15회 주제는 \"UX Engineering\"으로 다음과 같은 발표들을 살펴보겠습니다. 해당 FE devtalk 중 발표자의 공개 동의를 얻은 영상을 공유합니다.",
"/content/images/2020/02/spring-mvc-and-webflux-venn-1.png",
now(),
"https://d2.naver.com/news/3691882",
"NAVER Tech Talk: FE devtalk 15회 (2019년 9월)",
2900,
3);

INSERT INTO `d2_db`.`d2_post`
(`post_id`,
`body`,
`image`,
`publication_date`,
`social_url`,
`title`,
`view_count`,
`category_id`)
VALUES
(676,
"네이버 개발자와 함께하는 대학생 해커톤!\n\n2019 NAVER CAMPUS HACKDAY SUMMER가 열립니다. ",
"/content/images/2020/02/spring-mvc-and-webflux-venn-1.png",
now(),
"https://d2.naver.com/news/5009947",
"2019 NAVER CAMPUS HACKDAY SUMMER 안내",
6717,
3);

INSERT INTO `d2_db`.`d2_post`
(`post_id`,
`body`,
`image`,
`publication_date`,
`social_url`,
`title`,
`view_count`,
`category_id`)
VALUES
(677,
"오픈소스는 그 '사용'에 대해서도 그리고 '참가'적인 측면에서 아주 많은 관심을 얻고 있습니다. 그러나 오픈소스 프로젝트를 운영하는 데 있어서 그 뒷모습은 잘 알려져 있지는 않은데요. 다음의 질문들에 대한 궁금증을 NAVER의 박재성 님과 함께 풀어 보고자 합니다. ",
"/content/images/2020/02/spring-mvc-and-webflux-venn-1.png",
now(),
"https://d2.naver.com/news/6617235",
"NAVER Tech Talk: 오픈소스 프로젝트 운영 경험 공유",
2531,
3);

INSERT INTO `d2_db`.`d2_post`
(`post_id`,
`body`,
`image`,
`publication_date`,
`social_url`,
`title`,
`view_count`,
`category_id`)
VALUES
(678,
"NAVER에서는 다양한 기술에 대한 테크톡과 밋업을 주기적으로 진행하고 있는데요. 2018년 8월, 2019년 1월에 진행한 사내 Golang 밋업의 발표 영상을 공유합니다.",
"/content/images/2020/02/spring-mvc-and-webflux-venn-1.png",
now(),
"https://d2.naver.com/news/3383672",
"NAVER Tech Talk: Golang 밋업(2018년 8월, 2019년 1월)",
3018,
3);


INSERT INTO `d2_db`.`d2_post`
(`post_id`,
`body`,
`image`,
`publication_date`,
`social_url`,
`title`,
`view_count`,
`category_id`)
VALUES
(651,
"NAVER에서는 다양한 기술에 대한 테크톡을 주기적으로 진행하고 있는데요. 2019년 5월과 6월에 진행한 사내 Android 밋업 중 발표자의 공개 동의를 얻은 발표 영상을 공유합니다.",
"/content/images/2019/07/----Meetup72_20190625_Android---_-------mp4_20190726_110239-594.jpg",
now(),
"https://d2.naver.com/news/9293611",
"NAVER Tech Talk: Android 밋업(2019년 5,6월)",
2667,
3);

INSERT INTO `d2_db`.`d2_post`
(`post_id`,
`body`,
`image`,
`publication_date`,
`social_url`,
`title`,
`view_count`,
`category_id`)
VALUES
(650,
"HDFS(Hadoop Distributed File System)는 기본적으로 데이터 노드의 모든 스토리지를 동일한 유형이라 여기고 작동합니다. 데이터의 읽고 쓰기를 스토리지의 성능을 고려해 알맞은 유형의 스토리지에서 실행하지 않습니다. 그래서 HDD와 SSD를 함께 사용할 때 읽기 쓰기 작업이 많은 데이터를 SSD에 집중해서 저장하게 해 성능을 높일 수 없습니다.",
"/content/images/2019/07/190711_helloworld.jpg",
now(),
"http://d2.naver.com/helloworld/7702933",
"HDFS의 Heterogeneous Storage 적용기 - Pinpoint 비용 효율화",
3957,
2);

INSERT INTO `d2_db`.`d2_post`
(`post_id`,
`body`,
`image`,
`publication_date`,
`social_url`,
`title`,
`view_count`,
`category_id`)
VALUES
(649,
"다양한 컴포넌트의 조합으로 구성된 서비스를 운영하다보면 \n장애나 성능 문제가 발생했을 때 정확한 원인을 파악하는데 시간이 오래 걸린다는 또다른 난제에 부딪히곤 합니다.",
"/content/images/2019/06/image.png",
now(),
"http://d2.naver.com/helloworld/8819851",
"NAVER 오픈소스 세미나 - Performance does matter",
12698,
2);

INSERT INTO `d2_db`.`d2_post`
(`post_id`,
`body`,
`image`,
`publication_date`,
`social_url`,
`title`,
`view_count`,
`category_id`)
VALUES
(648,
"Google I/O 2017 참관기 - Kotlin에서 소개한 것처럼 Kotlin은 JVM은 물론 Android, JavaScript, 네이티브 영역 등 다양한 플랫폼에서 사용할 수 있는 정적 타입(statically typed) 언어입니다. Java에 비해 코드를 간결하게 작성할 수 있으며, 좀 더 안전하게 null을 다룰 수 있는 문법을 제공하는 것이 주요 특징입니다. 또한 Java와 100% 호환되어 기존 라이브러리를 활용할 수 있습니다. 그래서 기존에 Java로 작성된 프로젝트에 점진적으로 Kotlin을 도입하는 것이 가능합니다.",
"/content/images/2019/06/helloworld-201906-sangyeong-chung-1.jpg",
now(),
"http://d2.naver.com/helloworld/6685007",
"Kotlin 도입 과정에서 만난 문제와 해결 방법",
13653,
2);

INSERT INTO `d2_db`.`d2_post`
(`post_id`,
`body`,
`image`,
`publication_date`,
`social_url`,
`title`,
`view_count`,
`category_id`)
VALUES
(647,
"매해 겨울방학과 함께했던 D2 CAMPUS FEST가 대학생 개발자 여러분과 더 가까이 하기위해 여름방학을 맞아 FEST mini로 찾아왔습니다. FEST mini는 자유주제 없이 서비스, 모바일 앱, 라이브러리 개발 등 아홉개의 지정주제와 함께합니다.",
"/content/images/2019/06/d2------------------.png",
now(),
"http://d2.naver.com/news/8855647",
"제7회 D2 CAMPUS FEST mini가 시작됩니다.",
2999,
3);

INSERT INTO `d2_db`.`d2_post`
(`post_id`,
`body`,
`image`,
`publication_date`,
`social_url`,
`title`,
`view_count`,
`category_id`)
VALUES
(646,
"WebAssembly는 C와 C++ 같은 프로그래밍 언어를 컴파일해 어느 브라우저에서나 빠르게 실행되는 바이너리 형식(low-level language)으로 바꾸는 기술입니다. 별도의 플러그인을 사용하지 않고 브라우저에서 네이티브 언어 수준의 성능을 보여 줄 수 있는 기술이 WebAssembly의 목표입니다.",
"/content/images/2019/06/d2------------------.png",
now(),
"http://d2.naver.com/helloworld/8786166",
"2019년과 이후 JavaScript의 동향 - WebAssembly",
18100,
2);


INSERT INTO `d2_db`.`d2_post`
(`post_id`,
`body`,
`image`,
`publication_date`,
`social_url`,
`title`,
`view_count`,
`category_id`)
VALUES
(645,
"최근 들어 REST API의 단점을 보완하고 더 개선된 사용 환경을 제공하기 위해 네이버의 다양한 서비스에서 GraphQL을 기반으로 한 Apollo Client를 도입하기 시작했습니다. Apollo Client 도입 이후 기존에 사용하던 Redux와 라이프사이클 메서드의 사용빈도가 줄었습니다. 반면에 GraphQL과 React의 Hooks에 대한 기본 개념의 숙지가 중요해졌습니다.",
"/content/images/2019/06/helloworld-201903-seungho-1-1.png",
now(),
"http://d2.naver.com/helloworld/4245995",
"Apollo Client는 Redux와 무엇이 다른가",
13264,
2);

INSERT INTO `d2_db`.`d2_post`
(`post_id`,
`body`,
`image`,
`publication_date`,
`social_url`,
`title`,
`view_count`,
`category_id`)
VALUES
(644,
"JavaScript의 인기는 이제는 굳이 언급할 필요가 없어 보일 만큼 계속되고 있습니다. GitHub의 보고서인 Octoverse의 그래프에 나타난 것처럼 JavaScript는 여러 해 동안 GitHub에서 가장 많이 사용된 언어입니다. Stack Overflow의 최근 설문 조사 결과인 Developer Survey Results 2019에서는 JavaScript가 가장 인기 있는 기술로 선정되었습니다.",
"/content/images/2019/06/helloworld-201904-jaesung-park_1-02-1.png",
now(),
"http://d2.naver.com/helloworld/4007447",
"2019년과 이후 JavaScript의 동향 - JavaScript(ECMAScript)",
25018,
2);


INSERT INTO `d2_db`.`d2_post`
(`post_id`,
`body`,
`image`,
`publication_date`,
`social_url`,
`title`,
`view_count`,
`category_id`)
VALUES
(643,
"Integrating Istio with Telepresence to develop applications that run on a shared Kubernetes cluster locally(English)\n\n\nTelepresence로 Kubernetes 클러스터에서 실행할 애플리케이션을 로컬 환경에서 개발하기에서는 Kubernetes 클러스터에서 실행할 애플리케이션을 Telepresence를 사용해 로컬 환경에서 개발하는 방법을 소개했습니다. 그러나 공용 Kubernetes 클러스터에서 실행되는 여러 애플리케이션으로 구성된 하나의 서비스를 여러 개발자가 개발할 때에는 Telepresence를 사용하기 어렵습니다.",
"/content/images/2019/06/helloworld-201904-san-ha-lee_2-1-2.png",
now(),
"http://d2.naver.com/helloworld/4817173",
"Istio와 Telepresence로 공용 Kubernetes 클러스터에서 실행할 애플리케이션을 로컬 환경에서 개발하기",
4606,
2);

INSERT INTO `d2_db`.`d2_post`
(`post_id`,
`body`,
`image`,
`publication_date`,
`social_url`,
`title`,
`view_count`,
`category_id`)
VALUES
(642,
"NAVER에서는 다양한 기술에 대한 테크톡을 주기적으로 진행하고 있는데요. 2019년 2월과 4월에 진행한 사내 iOS 밋업 중 발표자의 공개 동의를 얻은 발표 영상을 공유합니다.",
"/content/images/2019/06/----meetup68_ios--_---_--_20190429-mp4_20190604_154233-863.jpg",
now(),
"http://d2.naver.com/news/7569447",
"NAVER Tech Talk: iOS 밋업(2019년 2월,4월)",
2383,
3);


INSERT INTO `d2_db`.`d2_member`
(`member_id`,
`department`,
`position`,
`email`,
`name`,
`profile`,
`avatar_url`)
VALUES
("258",
"네이버 Clova",
"",
"",
"이준행",
"2016년 네이버 입사 후 메인 플랫폼을 거쳐 현재 Clova에서 NAVER AiCall의 백엔드 개발을 담당하고 있습니다.",
"/image/20200219/680454544304.jpg");

INSERT INTO `d2_db`.`d2_posting`
(`posting_id`,
`posting_member_id`,
`posting_post_id`)
VALUES
(1,
258,
668);
INSERT INTO `d2_db`.`d2_tag`
(
`name`,
`url`)
VALUES
(
"rpc",
"/search?keyword=rpc");

INSERT INTO `d2_db`.`d2_tag`
(
`name`,
`url`)
VALUES
(
"Spring",
"/search?keyword=Spring");

INSERT INTO `d2_db`.`d2_tag`
(
`name`,
`url`)
VALUES
(
"Spring WebFlux",
"/search?keyword=Spring WebFlux");

INSERT INTO `d2_db`.`d2_tag`
(
`name`,
`url`)
VALUES
(
"Armeria",
"/search?keyword=Armeria");

INSERT INTO `d2_db`.`d2_tag`
(
`name`,
`url`)
VALUES
(
"Microservice",
"/search?keyword=Microservice");


INSERT INTO `d2_db`.`d2_tag`
(
`name`,
`url`)
VALUES
(
"Reactive",
"/search?keyword=Reactive");

INSERT INTO `d2_db`.`d2_tag_post`
(`tag_id`,
`post_id`)
VALUES
(1,
668);

INSERT INTO `d2_db`.`d2_tag_post`
(`tag_id`,
`post_id`)
VALUES
(2,
668);

INSERT INTO `d2_db`.`d2_tag_post`
(`tag_id`,
`post_id`)
VALUES
(3,
668);

INSERT INTO `d2_db`.`d2_tag_post`
(`tag_id`,
`post_id`)
VALUES
(4,
668);

INSERT INTO `d2_db`.`d2_tag_post`
(`tag_id`,
`post_id`)
VALUES
(5,
668);

INSERT INTO `d2_db`.`d2_tag_post`
(`tag_id`,
`post_id`)
VALUES
(6,
668);

INSERT INTO `d2_db`.`d2_post_reply`
(`reply_id`,
`bad_count`,
`comments`,
`good_count`,
`reply_at`,
`replyer`,
`text`,
`post_id`)
VALUES
(1,
0,
'',
0,
20200324131300,
'황금비',
'WebFlux에 관심이 많이가던데 좋은 정리 감사합니다. DB와 연결된 서버는 도입이 안되더라도 Gateway서버에서는 효율이 좋을거 같은 느낌인데요 맞나요..?!',
668);

INSERT INTO `d2_db`.`d2_post_reply`
(`reply_id`,
`bad_count`,
`comments`,
`good_count`,
`reply_at`,
`replyer`,
`text`,
`post_id`)
VALUES
(2,
1,
'',
2,
20200221121000,
'브로걸리',
'nodejs는 새로운 언어가 아니라 javascript 런타임환경을 제공하는 플랫폼입니다.많은 쥬니어 개발자들이 참조하는 사이트인만큼 잘못된 정보가 전파되지 않도록 수정이 필요해보이네요.',
668);
